DateTime,Avrist Ada Kas Mutiara,Batavia Dana Kas Maxima,Batavia Dana Obligasi Ultima,BATAVIA DANA SAHAM,BATAVIA DANA SAHAM SYARIAH,BNI-AM DANA LANCAR SYARIAH,BNI-AM DANA LIKUID,REKSA DANA BNI-AM DANA PENDAPATAN TETAP MAKARA INVESTASI,BNI-AM DANA PENDAPATAN TETAP SYARIAH ARDHANI,BNI-AM Dana Saham Inspiring Equity Fund,BNI-AM Indeks IDX30,Avrist Ada Saham Blue Safir,ITB Harmoni BNI-AM,BNI-AM Mahogany,SYARIAH BNP PARIBAS CAKRA SYARIAH USD KELAS RK1,BNP PARIBAS EKUITAS,BNP Paribas Greater China Equity Syariah USD Kelas RK1,BNP PARIBAS INFRASTRUKTUR PLUS,BNP Paribas Omega,BNP PARIBAS PESONA,BNP Paribas Pesona Syariah,Reksa Dana BNP Paribas Prima II Kelas RK1,AVRIST BALANCED AMAR SYARIAH,BNP PARIBAS PRIMA USD,BNP PARIBAS RUPIAH PLUS,BNP PARIBAS SOLARIS,BNP Paribas Sri Kehati,DANAMAS RUPIAH PLUS,DANAMAS STABIL,DANAREKSA INDEKS SYARIAH,DANAREKSA MAWAR KONSUMER 10 KELAS A,Danareksa Melati Pendapatan Utama,DANAREKSA SERUNI PASAR UANG II,Avrist IDX30,DANAREKSA SERUNI PASAR UANG III,Reksa Dana Eastspring IDR Fixed Income Fund Kelas A,Reksa Dana Eastspring Investments Cash Reserve Kelas A,EASTSPRING INVESTMENTS VALUE DISCOVERY KELAS A,EASTSPRING INVESTMENTS YIELD DISCOVERY KELAS A,Eastspring Syariah Fixed Income Amanah Kelas A,Eastspring Syariah Greater China Equity USD Kelas A,Jarvis Balanced Fund,Jarvis Money Market Fund,MAJORIS OBLIGASI UTAMA INDONESIA,AVRIST PRIME BOND FUND,Majoris Pasar Uang Syariah Indonesia,MAJORIS SAHAM ALOKASI DINAMIK INDONESIA,Majoris Sukuk Negara Indonesia,MAKARA PRIMA,Mandiri Indeks FTSE Indonesia ESG Kelas A,MANDIRI INVESTA ATRAKTIF-SYARIAH,MANDIRI INVESTA DANA SYARIAH,Mandiri Investa Syariah Berimbang,Mandiri Investasi Obligasi Nasional,Mandiri Pasar Uang Syariah Ekstra,BAHANA DANA LIKUID,Manulife Dana Kas II Kelas A,Manulife Dana Kas Syariah,REKSA DANA MANULIFE DANA SAHAM KELAS A,MANULIFE OBLIGASI NEGARA INDONESIA II KELAS A,MANULIFE OBLIGASI UNGGULAN KELAS A,MANULIFE SAHAM ANDALAN,Reksa Dana Manulife Syariah Sektoral Amanah Kelas A,MANULIFE USD FIXED INCOME KELAS A,PRINCIPAL CASH FUND,Principal Index IDX30 Kelas O,Bahana Likuid Syariah Kelas G,PRINCIPAL ISLAMIC EQUITY GROWTH SYARIAH,PRINCIPAL TOTAL RETURN BOND FUND,SCHRODER 90 PLUS EQUITY FUND,SCHRODER DANA ISTIMEWA,Schroder dana Likuid,Schroder Dana Likuid Syariah,SCHRODER DANA MANTAP PLUS II,SCHRODER DYNAMIC BALANCED FUND,SYARIAH SCHRODER GLOBAL SHARIA EQUITY FUND (USD),SCHRODER SYARIAH BALANCED FUND,REKSA DANA SYARIAH BAHANA MES SYARIAH FUND KELAS G,SCHRODER USD BOND FUND,SIMAS SAHAM UNGGULAN,Simas Satu,SIMAS SYARIAH UNGGULAN,REKSA DANA SUCORINVEST BOND FUND,SUCORINVEST EQUITY FUND,SUCORINVEST FLEXI FUND,SUCORINVEST MAXI FUND,SUCORINVEST MONEY MARKET FUND,SUCORINVEST SHARIA EQUITY FUND,Bahana Primavera 99 Kelas G,Sucorinvest Sharia Money Market Fund,Sucorinvest Sharia Sukuk Fund,Sucorinvest Stable Fund,TRAM CONSUMPTION PLUS KELAS A,TRAM INFRASTRUCTURE PLUS,TRAM STRATEGIC PLUS,TRIM Dana Tetap 2,TRIM Kapital,TRIM KAPITAL PLUS,ABF INDONESIA BOND INDEX FUND
2021-01-10,1247.3,1569.46,2895.29,60371.875,1885.4,1544.065,1653.91,1220.7064,1419.6,1064.3614,900.31,1015.2,1265.89115,911.8,1.5599500000000002,18175.225,1.0586,3028.3450000000003,1633.455,26132.735,2558.0950000000003,2718.8450000000003,1088.925,1.3528,2253.735,2569.0950000000003,984.23,1487.4631,3866.445,2763.13,1727.3534,1690.3822,1560.59395,936.435,1500.6449,1520.88,1515.615,1310.095,1649.225,1308.32,1.27043,1313.62,1104.02,1441.8915,1594.13,1160.5125,1064.5438,1253.0385,2926.65355,,1115.785,3812.905,3463.435,1100.91,1085.91985,1630.495,1568.28,1133.315,11675.895,2616.67,3040.3,2131.95,3795.38,1.2321,1615.44,1364.79,1037.75,1371.33,2622.755,1982.67,7215.585,1455.4499999999998,1037.4241,2979.875,1606.705,1.48825,2582.415,1353.84,1.705,1346.5932,7768.5307,750.15765,1504.3249999999998,2389.21,5123.174999999999,1745.28,1535.86,1992.46,1257.22,1170.96,,1077.45,1798.475,1252.32,1782.345,2645.8566,9829.44955,3465.09225,45082.1657
2021-01-17,1248.51,1570.66,2887.51,61726.57,1912.19,1544.82,1655.18,1213.9486,1413.58,1072.2311,907.22,1041.03,1254.105,929.42,1.5397,18499.91,1.0859,3093.37,1625.68,26668.61,2579.36,2706.62,1095.79,1.3515,2254.52,2685.53,997.4,1489.2385,3871.5313,2795.62,1791.167,1677.8594,1561.6737,955.4,1501.8109,1510.73,1516.49,1366.49,1644.67,1303.64,1.26659,1389.77,1104.78,1422.2499,1582.88,1161.196,1082.2392,1245.162,2898.1934,,1128.42,3809.03,3457.19,1103.08,1086.6593,1631.91,1569.49,1133.94,11946.49,2599.97,3027.13,2198.91,3875.87,1.2318,1616.88,1392.93,1038.55,1378.55,2611.82,2008.93,7409.27,1455.87,1037.9415,2957.1,1625.8,1.4803,2605.51,1348.38,1.7058,1373.7139,7929.1769,760.258,1494.46,2445.26,5145.0,1745.15,1537.51,2042.42,1260.6,1172.18,,1079.49,1843.16,1302.51,1763.49,2635.3245,10196.4889,3574.0928,44796.8669
2021-01-24,1249.47,1571.6999999999998,2882.86,62205.385,1880.9,1545.815,1656.0100000000002,1212.9603,1410.84,1069.6713,912.37,1046.045,1248.6131,933.91,1.5677,18579.115,1.1361,3094.92,1621.59,26598.39,2532.6800000000003,2699.51,1088.475,1.3527,2255.325,2555.8450000000003,1016.84,1490.775,3875.8946,2762.86,1762.8782,1669.71945,1562.59215,969.155,1502.80605,1506.62,1517.245,1374.14,1630.215,1302.25,1.35486,1395.275,1105.475,1415.61695,1577.725,1161.62325,1070.33895,1242.6505000000002,2881.48495,,1098.16,3807.81,3451.91,1102.71,1087.33365,1633.145,1570.51,1134.56,11962.945,2590.7200000000003,3024.105,2183.745,3786.245,1.23345,1617.89,1410.33,1039.39,1347.67,2614.505,2016.575,7293.559999999999,1456.29,1038.4758,2948.415,1629.2199999999998,1.5116,2578.695,1345.86,1.709,1358.49095,7844.4276,736.7783999999999,1487.315,2437.9300000000003,5276.975,1741.17,1538.24,2046.32,1261.4,1172.985,,1081.57,1842.77,1304.335,1753.605,2631.68275,10208.40065,3565.02545,44661.28425
2021-01-31,1250.6,1572.88,2894.44,57235.3,1705.56,1547.97,1657.61,1217.3251,1414.25,989.897,833.24,954.14,1254.4723,855.48,1.5274,17023.8,1.0984,2826.15,1629.34,24510.8,2338.01,2710.95,1038.02,1.3521,2256.06,2289.68,928.13,1492.5533,3880.9029,2521.15,1559.4796,1676.4569,1563.6627,879.54,1504.1368,1513.77,1518.12,1265.05,1635.02,1305.4,1.286334,1340.82,1106.3,1421.864,1584.88,1163.5157,973.2626,1245.7562,2896.0384,,981.05,3815.39,3438.15,1106.58,1088.1238,1634.59,1571.81,1135.36,10988.78,2597.54,3040.35,2016.3,3476.74,1.2332,1619.78,1275.15,1040.26,1237.34,2621.61,1862.79,6732.74,1457.35,1039.065,2968.05,1532.47,1.4683,2441.83,1349.51,1.7082,1251.07,7372.8355,666.3252,1488.54,2215.22,5126.08,1617.16,1539.63,1874.98,1159.79,1174.0,,1083.6,1693.75,1200.61,1762.92,2645.0766,9463.9615,3296.7195,44892.0145
2021-02-07,1251.54,1573.92,2905.6800000000003,59675.505,1783.45,1549.0749999999998,1659.17,1222.2845,1419.31,1028.2307,868.95,993.195,1263.31065,889.125,1.56485,17698.045,1.1266,2953.535,1637.285,25552.275,2439.09,2723.385,1073.185,1.3498,2256.86,2402.375,963.99,1494.09875,3885.2702,2672.21,1632.2335,1685.9074,1564.5141,915.87,1505.34475,1521.985,1518.87,1323.22,1639.385,1309.365,1.347931,1389.0749999999998,1106.975,1431.0823,1594.505,1164.45425,1020.97495,1249.37095,2918.5055,,1030.37,3829.635,3456.15,1104.6,1088.6958,1635.74,1572.945,1135.8,11467.46,2609.89,3060.54,2107.425,3659.35,1.2323499999999998,1621.5749999999998,1321.915,1041.13,1301.925,2627.55,1919.405,7005.545,1458.35,1039.6199,2986.92,1571.395,1.5065,2499.995,1354.085,1.7067,1304.31885,7558.095600000001,697.787,1493.395,2325.455,5304.535,1686.77,1541.21,1933.04,1208.51,1175.065,,1085.61,1768.905,1253.0749999999998,1775.77,2659.31205,9853.627100000002,3447.8695,45127.17605
2021-02-14,1252.405,1574.845,2903.2200000000003,60022.29,1793.58,1549.92,1659.745,1217.2329,1417.14,1024.7193,867.21,993.97,1260.6751,892.77,1.57615,17757.165,1.1409,2957.63,1632.085,25665.34,2452.285,2717.17,1072.64,1.35115,2257.5550000000003,2485.4700000000003,963.44,1495.52165,3889.28835,2672.525,1654.90335,1679.992,1565.3514,915.485,1506.36855,1519.25,1519.515,1332.025,1636.665,1307.145,1.398348,1422.395,1107.605,1426.57615,1589.865,1164.69975,1025.8485500000002,1247.9281,2906.8897500000003,,1032.755,3824.225,3451.465,1102.29,1089.31655,1636.81,1573.845,1136.34,11509.735,2603.46,3059.39,2139.52,3699.39,1.23345,1622.33,1321.345,1041.71,1309.2800000000002,2624.3,1930.13,7159.525,1458.65,1039.7755,2978.205,1589.015,1.52495,2520.92,1349.495,1.70855,1320.1862,7585.8777,693.5097499999999,1485.49,2311.7200000000003,5351.22,1726.3249999999998,1542.54,1948.55,1201.56,1175.9499999999998,,1087.33,1779.56,1263.935,1771.635,2655.4486,9925.26695,3468.94605,45034.64605
2021-02-21,1253.8,1576.075,2887.55,59572.845,1775.485,1551.37,1661.7,1217.6004,1410.755,1019.9145,864.88,987.215,1245.31105,886.475,1.56735,17605.405,1.1457,2926.88,1613.88,25497.83,2432.19,2686.0,1062.31,1.3434,2258.4700000000003,2496.155,952.83,1497.408,3894.6023,2625.105,1638.7487,1650.6422,1566.5838,907.895,1507.97965,1505.355,1520.425,1334.42,1628.145,1302.08,1.385883,1489.48,1108.46,1406.4545,1572.325,1165.2869500000002,1016.59755,1239.92225,2862.30335,,1023.005,3825.26,3454.02,1090.21,1090.112,1638.17,1574.945,1137.185,11408.055,2578.935,3051.81,2157.19,3655.565,1.23075,1624.3249999999998,1310.415,1042.69,1286.64,2624.715,1927.555,7141.530000000001,1459.4499999999998,1040.3063,2940.625,1576.775,1.5257999999999998,2508.8,1345.165,1.69875,1328.3175,7520.9941,682.6525,1483.6149999999998,2360.105,5423.215,1766.9299999999998,1544.58,2005.065,1193.63,1177.4499999999998,,1089.51,1772.965,1263.5749999999998,1746.37,2640.66405,9947.20365,3487.4404,44628.4176
2021-02-28,1254.82,1577.23,2870.23,59330.65,1789.02,1552.6,1662.96,1215.9604,1401.16,1007.6268,860.67,985.76,1226.7711,885.93,1.5271,17530.74,1.103,2910.06,1599.43,25421.03,2449.26,2660.57,1065.99,1.32,2259.14,2449.06,946.22,1499.1027,3899.3516,2639.41,1627.5705,1625.8501,1567.5615,908.87,1509.2803,1489.16,1521.25,1339.95,1619.04,1298.74,1.267586,1522.63,1109.25,1381.2193,1558.11,1165.8322,1014.8333,1234.1641,2819.6144,,1026.19,3814.17,3451.21,1067.71,1090.8176,1639.4,1576.28,1138.03,11385.72,2548.02,3040.72,2174.29,3656.71,1.2211,1626.12,1311.81,1043.47,1293.08,2619.58,1938.63,7190.46,1459.81,1040.3405,2902.73,1575.71,1.4777,2532.56,1336.99,1.6785,1317.0319,7456.0461,682.1947,1476.0,2317.88,5403.44,1727.07,1546.6,1977.46,1184.74,1178.89,,1091.73,1772.47,1252.27,1717.56,2627.8125,9888.052,3511.3591,44138.6991
2021-03-07,1255.78,1578.22,2875.175,59116.065,1750.02,1553.81,1664.265,1218.7725,1400.735,1007.8536,858.8,984.95,1228.0771,879.985,1.5161,17461.300000000003,1.0824,2907.625,1602.92,25265.24,2405.46,2666.56,1051.625,1.32005,2259.9,2351.705,950.63,1500.5736000000002,3903.5307,2565.855,1605.0208,1625.1931,1568.74795,910.035,1510.5358500000002,1491.305,1521.95,1321.675,1622.65,1299.82,1.247792,1577.055,1109.935,1381.0005,1559.6999999999998,1167.83595,1009.635,1238.04695,2820.89225,,1005.27,3824.77,3450.53,1076.725,1091.88725,1640.67,1577.44,1138.815,11282.34,2547.08,3047.77,2116.86,3576.42,1.22205,1627.685,1312.87,1044.23,1267.4050000000002,2623.705,1938.49,7057.754999999999,1460.535,1040.9369,2913.7250000000004,1573.435,1.46315,2492.035,1338.065,1.6810999999999998,1322.43125,7422.16185,660.5355500000001,1475.705,2336.5550000000003,5438.91,1726.485,1548.14,1994.345,1181.53,1179.76,,1094.19,1764.02,1237.22,1718.505,2636.28575,9781.2439,3483.54995,44192.15565
2021-03-14,1256.79,1579.25,2857.68,59691.15,1767.45,1555.1,1665.68,1210.672,1392.62,1025.2201,864.99,993.58,1216.0347,898.34,1.5499,17617.13,1.0805,2929.39,1597.23,25461.33,2435.83,2647.95,1061.69,1.3121,2260.77,2374.37,948.63,1502.2705,3908.3523,2607.64,1615.6051,1608.5361,1569.7535,913.3,1511.7457,1478.75,1522.69,1350.65,1617.38,1293.97,1.243852,1659.18,1110.7,1366.6963,1547.5,1168.7979,1010.8869,1229.3892,2797.4801,,1023.26,3815.05,3449.0,1071.3,1092.6108,1641.84,1578.69,1139.52,11381.41,2525.41,3038.06,2143.03,3644.82,1.2168,1629.24,1317.64,1044.87,1287.54,2618.78,1941.67,7115.92,1461.28,1041.0854,2892.94,1578.66,1.4961,2498.19,1330.83,1.6743,1352.211,7520.1799,663.2483,1473.34,2335.12,5427.87,1745.11,1549.83,2020.22,1190.23,1180.6,,1096.13,1790.63,1251.78,1696.66,2630.0694,9911.1503,3588.443,43827.6885
2021-03-21,1257.795,1580.155,2860.115,59945.96000000001,1773.675,1555.89,1666.7,1212.0604,1392.54,1031.8936,871.03,998.46,1215.7579,892.605,1.5462,17657.684999999998,1.0878,2951.175,1592.0300000000002,25517.925000000003,2436.51,2643.24,1062.0700000000002,1.31195,2261.4700000000003,2345.53,956.87,1503.743,3912.52335,2607.3050000000003,1615.5031,1608.94035,1570.5812,919.215,1512.78725,1479.05,1523.29,1335.715,1614.93,1294.015,1.218264,1623.41,1111.34,1368.16625,1545.9499999999998,1168.9682,1017.323,1229.48445,2797.5449,,1020.795,3818.35,3449.41,1074.64,1093.25535,1642.825,1579.655,1140.215,11375.509999999998,2524.67,2972.24,2140.92,3641.2,1.2165,1630.3249999999998,1326.23,1045.59,1286.4299999999998,2616.935,1939.435,7028.075,1461.5700000000002,1041.1808,2891.605,1577.97,1.4962,2490.66,1330.645,1.67325,1365.205,7530.8795,658.97355,1470.53,2354.625,5436.78,1728.08,1551.475,2014.52,1198.28,1181.475,,1097.98,1792.09,1252.76,1699.045,2631.54415,9893.3791,3560.29685,43834.1443
2021-03-28,1258.74,1581.19,2873.87,58967.01,1762.34,1557.82,1668.4,1217.3188,1396.38,1011.1373,856.39,980.68,1222.7149,873.44,1.5613,17344.04,1.0644,2898.77,1603.8,25083.17,2409.71,2660.52,1058.36,1.3183,2262.37,2284.94,939.07,1505.4426,3917.3495,2584.04,1578.0116,1619.377,1571.5255,904.38,1514.0684,1487.97,1524.06,1303.93,1622.25,1297.99,1.181017,1593.79,1112.09,1375.3524,1555.45,1170.1193,994.5616,1234.1346,2819.8492,,1008.19,3825.9,3454.64,1083.71,1093.9675,1643.99,1580.74,1140.92,11157.23,2532.66,2984.23,2091.02,3595.83,1.2192,1632.08,1304.77,1046.29,1270.26,2624.99,1906.38,6890.47,1462.55,1041.8847,2909.62,1555.27,1.5072,2485.63,1334.04,1.6757,1334.2557,7370.5734,649.6511,1467.05,2294.01,5412.5,1713.22,1553.44,1977.37,1177.68,1182.63,,1099.95,1756.64,1227.05,1710.01,2645.0144,9702.2149,3480.7989,44088.8201
2021-04-04,1259.51,1582.02,2877.87,57199.97,1737.31,1558.65,1668.92,1219.4705,1397.6,975.7093,821.86,945.54,1224.7099,843.26,1.573,16743.19,1.0681,2787.95,1606.51,24246.75,2346.76,2662.89,1047.52,1.3157,2262.72,2165.87,900.78,1506.8021,3921.2134,2530.7,1515.1329,1620.4647,1573.8861,868.0,1516.1427,1489.76,1524.59,1260.22,1624.06,1298.27,1.218479,1560.61,1112.64,1377.964,1558.29,1170.2249,955.8297,1235.0972,2821.8682,,981.81,3823.27,3446.48,1086.05,1094.3856,1644.79,1581.63,1141.43,10717.51,2536.94,2988.04,2020.35,3511.18,1.2179,1632.92,1251.74,1046.96,1243.83,2629.55,1841.12,6685.53,1462.76,1042.273,2853.36,1507.37,1.5135,2445.08,1334.48,1.6725,1290.883,7145.1669,631.9349,1468.14,2234.07,5362.84,1659.87,1554.71,1920.09,1136.57,1183.31,,1101.54,1703.62,1179.77,1713.37,2647.4247,9372.1829,3368.8775,44158.1903
2021-04-11,1260.5,1583.1,2890.81,57847.45,1730.55,1560.05,1670.63,1224.4793,1409.88,987.2537,830.55,956.0,1243.0673,855.91,1.6091,16934.69,1.0683,2814.0,1624.91,24499.25,2351.34,2699.26,1046.67,1.3229,2263.67,2185.49,912.33,1508.6053,3926.3646,2517.64,1533.3238,1648.7754,1575.0992,877.12,1517.5429,1507.82,1525.31,1273.98,1634.22,1307.6,1.206802,1593.68,1113.39,1398.5268,1578.85,1171.1088,969.3913,1246.555,2857.2858,,984.94,3840.55,3459.08,1098.95,1095.1604,1645.87,1582.9,1142.33,10812.45,2575.39,3005.28,2071.28,3516.62,1.2208,1634.5,1264.91,1047.7,1245.7,2639.38,1877.43,6839.8,1463.86,1043.608,2892.02,1530.77,1.5455,2456.73,1346.25,1.6777,1307.8859,7210.9099,628.5478,1474.22,2284.56,5473.88,1689.43,1556.45,1947.31,1147.38,1184.23,,1103.58,1728.42,1202.83,1744.73,2669.0597,9565.5378,3456.0076,44707.4763
2021-04-18,1261.3200000000002,1583.955,2885.165,58424.77,1742.6950000000002,1560.94,1671.85,1219.5577,1405.915,991.8026,832.87,957.395,1236.2573,871.61,1.6226,16941.765,1.088,2807.68,1617.19,24701.265,2351.9350000000004,2686.7250000000004,1042.155,1.32675,2264.305,2169.3,908.435,1510.0576999999998,3930.56075,2498.855,1536.5873,1640.32895,1575.86,879.89,1518.5238,1501.1799999999998,1525.845,1296.025,1625.54,1304.4450000000002,1.232989,1691.355,1114.015,1390.3719999999998,1570.495,1171.70705,957.0835,1242.44225,2837.8991,,978.84,3837.815,3451.8450000000003,1101.9,1095.74655,1646.77,1583.815,1142.86,10830.495,2565.875,3000.8,2101.945,3509.08,1.22275,1635.52,1268.33,1048.28,1244.245,2636.185,1876.065,6833.355,1464.405,1044.1991,2874.525,1524.655,1.5606,2451.765,1341.54,1.68135,1308.95285,7193.2587,624.7069,1470.98,2244.335,5476.75,1662.085,1558.035,1916.37,1141.3,1185.0500000000002,,1105.47,1749.045,1211.81,1733.02,2663.3783000000003,9662.50535,3562.34575,44507.172
2021-04-25,1262.17,1584.95,2895.7,57920.83,1713.83,1561.73,1672.66,1221.687,1411.83,988.1837,829.09,954.39,1244.9079,870.16,1.6313,16803.95,1.085,2778.4,1627.76,24591.69,2332.15,2703.27,1032.84,1.3319,2265.01,2142.81,903.78,1511.7322,3935.4143,2450.37,1530.8318,1653.1459,1576.7987,875.5,1519.8098,1510.89,1526.36,1277.62,1624.95,1308.4,1.25565,1662.58,1114.7,1400.9775,1581.4,1172.1536,954.1691,1247.0943,2856.0778,,974.61,3845.25,3458.06,1101.49,1096.4081,1647.77,1584.75,1143.46,10785.93,2581.81,3009.28,2108.26,3464.32,1.2256,1636.47,1261.91,1048.9,1229.74,2638.91,1867.77,6809.52,1464.41,1044.0501,2893.03,1521.46,1.5672,2436.49,1345.88,1.6854,1304.6206,7176.6849,612.044,1478.88,2250.01,5467.53,1667.02,1559.74,1929.53,1135.41,1186.21,,1107.38,1730.59,1206.94,1746.86,2674.5648,9640.4945,3523.1226,44800.3334
2021-05-02,1262.905,1585.825,2896.76,57851.14,1706.225,1563.085,1674.17,1223.9512,1410.75,983.0837,819.5,947.44,1244.8978499999998,873.6300000000001,1.6207,16777.68,1.0828,2772.775,1628.69,24606.84,2335.365,2701.495,1031.835,1.3285,2265.41,2195.3,893.8800000000001,1513.1487499999998,3939.62275,2441.485,1524.8117,1651.2828,1577.52105,867.7249999999999,1520.9214000000002,1510.04,1526.89,1283.185,1625.21,1307.495,1.255112,1676.875,1115.3049999999998,1398.9298,1580.4,1172.8258500000002,955.97355,1245.4676,2856.2525,,968.825,3843.37,3456.6000000000004,1092.64,1096.8357999999998,1648.61,1585.705,1144.095,10786.335,2580.155,3009.825,2131.42,3461.96,1.2242,1637.915,1250.56,1049.54,1224.11,2643.71,1871.235,6900.825,1465.3449999999998,1044.6825,2891.34,1519.165,1.55805,2437.56,1344.355,1.6824,1303.87435,7209.5351,617.68545,1471.515,2243.87,5431.735000000001,1671.08,1561.175,1958.245,1128.12,1187.1999999999998,,1109.08,1723.72,1219.9,1744.8249999999998,2677.1294,9701.662649999998,3502.1159,44795.21815
2021-05-09,1263.63,1586.82,2895.43,56992.0,1682.2,1564.48,1675.46,1227.6533,1413.78,969.2552,808.02,934.86,1252.3573,862.75,1.6275,16546.76,1.0693,2743.12,1632.84,24221.68,2301.09,2712.89,1019.52,1.3343,2266.27,2178.67,879.78,1514.7771,3944.2952,2381.68,1495.5052,1661.441,1578.4426,853.55,1522.1956,1516.95,1527.47,1266.39,1628.18,1309.7,1.218365,1666.85,1116.0,1407.8927,1589.29,1173.367,941.1528,1247.131,2868.3506,,948.84,3849.88,3456.27,1093.71,1097.2973,1649.7,1586.96,1144.92,10649.31,2593.79,3018.85,2123.56,3417.54,1.2266,1639.4,1229.22,1050.16,1203.42,2648.36,1859.65,6881.87,1466.12,1045.5721,2902.26,1513.49,1.5575,2431.01,1345.61,1.6865,1289.3348,7097.5036,609.1161,1477.65,2228.23,5379.94,1682.21,1562.81,1969.46,1115.64,1188.3,,1111.25,1695.55,1207.56,1756.69,2686.586,9590.6275,3447.9835,45008.7068
2021-05-16,1264.08,1587.35,2897.37,57210.73,1695.34,1564.84,1675.85,1224.266,1414.26,972.0886,809.89,937.23,1253.7901,865.84,1.6081,16667.57,1.0681,2766.46,1634.62,24394.95,2319.45,2715.76,1022.12,1.3347,2266.67,2233.24,880.72,1515.6382,3946.7905,2391.78,1505.0694,1663.1535,1578.8885,855.47,1522.8386,1518.47,1527.74,1281.11,1629.81,1310.28,1.175475,1680.22,1116.37,1409.0235,1591.07,1173.4136,943.1956,1247.3572,2871.0218,,954.33,3853.65,3458.71,1086.51,1097.6635,1650.24,1587.46,1145.23,10719.39,2595.92,3022.75,2136.39,3443.89,1.2267,1640.03,1232.1,1050.52,1205.88,2651.04,1873.52,6969.94,1466.18,1045.6619,2905.73,1518.59,1.5435,2440.45,1345.77,1.6865,1299.8949,7171.2351,620.8213,1479.79,2218.0,5360.15,1673.4,1563.74,1961.21,1120.28,1188.89,,1112.53,1704.43,1218.73,1758.21,2689.1292,9657.3655,3451.5306,45067.992
2021-05-23,1265.25,1588.55,2897.005,55721.25,1651.785,1566.31,1677.385,1227.0604,1413.835,945.6372,790.01,914.16,1253.0672,854.385,1.6176499999999998,16285.815,1.0703,2669.3050000000003,1634.59,23901.61,2270.625,2712.825,1004.855,1.33045,2267.7,2121.17,864.245,1517.7657,3952.6858,2311.76,1464.87045,1660.41075,1579.95735,836.515,1524.8528,1517.085,1528.38,1234.35,1629.605,1309.465,1.192796,1647.44,1117.19,1406.41485,1588.345,1174.10995,913.3771,1246.4936,2865.3682,,918.68,3855.655,3457.21,1088.01,1098.46965,1651.58,1588.8200000000002,1145.955,10400.634999999998,2594.33,3025.37,2168.52,3377.03,1.2263,1641.4299999999998,1204.28,1051.39,1166.95,2652.77,1828.93,6752.1,1466.835,1046.477,2901.44,1481.435,1.5614,2398.05,1344.685,1.68415,1260.02965,6997.6399,605.52075,1480.065,2179.11,5385.505,1654.975,1566.205,1920.34,1089.88,1190.21,,1114.91,1671.165,1184.72,1755.615,2690.7845500000003,9428.875499999998,3389.0772500000003,45042.7663
2021-05-30,1266.07,1589.48,2905.24,56208.72,1657.82,1567.21,1678.42,1229.3781,1416.34,955.3556,797.94,920.26,1257.3109,861.54,1.6324,16382.95,1.0789,2696.95,1640.15,23962.06,2267.58,2721.43,1008.14,1.3342,2268.45,2105.41,870.96,1519.3891,3957.2676,2310.9,1468.0659,1665.174,1580.7932,844.31,1525.8186,1521.23,1529.02,1253.18,1632.75,1313.12,1.219065,1732.62,1117.93,1410.1476,1592.85,1174.0964,916.7891,1249.2801,2875.84,,925.79,3861.83,3458.66,1090.63,1098.9885,1652.56,1589.78,1146.5,10388.44,2597.92,3032.4,2238.1,3362.11,1.2282,1642.49,1213.57,1051.95,1164.71,2657.44,1850.04,6779.67,1467.3,1046.8847,2912.0,1494.53,1.5746,2406.83,1347.97,1.6875,1263.6389,6995.4767,604.2747,1488.08,2211.68,5535.2,1678.89,1568.09,1928.62,1096.25,1191.18,,1116.89,1690.68,1193.04,1762.04,2697.5756,9521.4534,3426.0431,45184.0359
2021-06-06,1266.77,1590.3,2913.935,58601.395,1721.585,1568.525,1679.74,1229.821,1422.02,997.4181,838.57,967.855,1263.2773000000002,902.695,1.6355,17146.059999999998,1.0889,2827.11,1647.135,25162.23,2363.1800000000003,2734.495,1033.385,1.3339,2268.935,2193.145,912.815,1520.69045,3961.1622,2412.14,1537.32565,1674.3529,1581.4998,891.875,1526.7958,1528.99,1529.57,1309.105,1636.39,1317.765,1.229798,1764.4,1118.57,1419.38605,1601.6,1174.003,952.63495,1254.90125,2891.20515,,988.96,3863.495,3471.73,1090.35,1099.47605,1653.4450000000002,1590.635,1147.05,10991.04,2612.52,3035.08,2384.745,3483.15,1.2287,1643.69,1282.075,1052.55,1203.79,2661.465,1929.625,7019.33,1468.215,1047.8366,2928.11,1541.525,1.57845,2456.61,1352.965,1.6871,1322.84755,7208.1185,629.7371,1495.92,2269.75,5582.32,1696.97,1569.535,1959.895,1145.13,1192.14,,1118.84,1753.16,1238.3200000000002,1772.625,2705.23425,9894.3858,3553.05555,45423.106750000006
2021-06-13,1267.59,1591.12,2914.72,58452.73,1705.96,1570.04,1681.04,1228.9049,1428.05,997.0857,838.78,964.3,1271.3697,904.41,1.6587,17061.43,1.0857,2797.0,1655.4,25120.17,2355.37,2751.39,1027.8,1.3426,2269.6,2204.73,903.87,1522.1918,3965.8538,2385.25,1533.5795,1688.8288,1583.0589,887.29,1528.7795,1538.42,1530.1,1316.0,1639.89,1324.22,1.232705,1816.23,1119.31,1430.9086,1610.81,1173.4973,942.326,1261.3514,2910.7828,,979.44,3878.51,3476.6,1099.39,1100.0126,1654.42,1591.5,1147.63,10901.07,2627.94,3044.13,2403.18,3466.27,1.2318,1644.7,1275.26,1053.12,1190.01,2669.06,1932.03,7005.02,1468.9,1048.2731,2948.49,1532.92,1.5976,2447.32,1358.89,1.6941,1314.8423,7152.1326,619.0599,1503.23,2282.42,5652.42,1718.23,1571.58,1982.29,1143.75,1193.18,,1122.51,1750.81,1246.45,1786.58,2717.0003,9941.3525,3567.8039,45719.5351
2021-06-20,1268.36,1592.14,2912.085,56816.095,1648.58,1570.595,1681.875,1231.0921,1425.31,954.5812,801.36,932.87,1265.2783,889.095,1.653,16512.085,1.0631,2697.7200000000003,1649.795,24378.695,2283.695,2738.8,1014.4,1.339,2270.165,2121.605,865.335,1523.4933,3969.9216,2332.78,1487.2820000000002,1674.6561000000002,1583.9268000000002,854.5699999999999,1529.9053,1531.5749999999998,1530.5549999999998,1307.885,1638.73,1322.225,1.224678,1911.1,1119.94,1419.1056,1599.9,1174.0442,904.96285,1258.2759999999998,2889.5608,,965.46,3883.345,3470.36,1097.035,1100.30305,1655.22,1592.355,1148.205,10646.095,2614.9350000000004,2977.53,2409.06,3373.12,1.22985,1645.76,1227.9499999999998,1053.69,1160.69,2669.63,1863.815,6784.195,1468.8249999999998,1048.1372,2932.635,1487.415,1.5952,2391.62,1356.055,1.6891500000000002,1290.3605,7038.2502,595.43195,1500.54,2219.6800000000003,5535.74,1644.605,1573.075,1870.045,1092.78,1194.0549999999998,,1124.23,1710.815,1210.23,1772.845,2708.6627500000004,9827.6874,3542.56275,45537.06615
2021-06-27,1269.18,1593.04,2915.31,55918.48,1629.97,1572.15,1683.63,1232.7708,1427.17,942.4292,790.88,910.63,1262.5206,884.74,1.6717,16224.84,1.0713,2646.01,1647.57,24035.8,2262.98,2737.6,1012.34,1.3428,2271.11,2074.15,845.76,1524.9966,3974.6092,2319.64,1470.9898,1667.0681,1585.3543,836.7,1531.6268,1529.22,1531.34,1297.72,1640.89,1323.33,1.250899,1986.09,1120.64,1411.4904,1595.87,1178.0185,887.2604,1258.2848,2880.1093,,964.0,3886.49,3468.6,1105.17,1101.0369,1656.16,1593.34,1148.8,10516.44,2607.16,2980.93,2399.18,3350.12,1.2309,1647.42,1202.16,1054.27,1163.98,2645.49,1833.64,6731.84,1470.21,1049.1656,2930.27,1467.53,1.6014,2371.46,1357.92,1.6919,1288.6893,6939.4418,586.5331,1494.91,2177.02,5547.32,1646.07,1574.46,1849.81,1078.84,1195.15,,1126.36,1699.53,1197.48,1765.98,2706.8199,9897.8383,3569.2505,45473.2972
2021-07-04,1269.875,1593.8200000000002,2913.185,55309.71,1610.965,1572.65,1684.495,1233.3289,1427.08,935.4117,789.34,904.725,1259.5136,861.4849999999999,1.6886,16120.175,1.0351,2630.295,1648.78,23901.045,2250.865,2731.545,1009.65,1.3432,2271.77,2039.85,839.03,1526.3001,3978.61325,2307.64,1461.87905,1664.5854,1586.4371,833.125,1532.9148,1525.85,1531.87,1285.365,1639.215,1323.18,1.22906,1959.285,1121.29,1406.41135,1591.725,1178.7847,888.0581999999999,1257.7091,2873.0603,,957.72,3885.905,3470.575,1107.385,1101.52795,1656.91,1594.245,1149.285,10506.415,2601.73,2982.13,2384.715,3331.69,1.2309,1648.52,1197.12,1054.86,1160.65,2646.7250000000004,1822.475,6658.495,1470.73,1049.4869,2923.0550000000003,1454.96,1.60435,2358.5150000000003,1357.425,1.6913,1260.02465,6878.227,581.2397000000001,1492.27,2184.54,5498.475,1639.155,1575.865,1840.38,1080.49,1196.15,,1128.14,1684.89,1179.6799999999998,1761.005,2706.9505,9744.25655,3520.28135,45400.4266
2021-07-11,1270.66,1594.7,2908.98,55533.33,1639.52,1573.65,1685.69,1235.6685,1431.43,923.6229,777.66,899.75,1262.0758,853.35,1.7019,16171.54,1.0041,2628.11,1651.53,24202.95,2282.86,2738.43,1012.14,1.3472,2272.43,2096.64,823.44,1527.7744,3983.1068,2313.51,1465.7935,1669.961,1587.1684,822.65,1533.9003,1530.0,1532.42,1291.68,1641.46,1326.47,1.1915,2029.9,1121.98,1411.0995,1596.1,1179.3658,875.1862,1261.856,2879.645,,965.4,3890.88,3475.1,1112.69,1102.0583,1657.8,1595.2,1149.87,10552.32,2609.71,2992.7,2441.32,3390.27,1.2325,1649.85,1181.81,1055.42,1181.74,2652.07,1842.38,6812.88,1471.2,1049.6934,2930.85,1463.94,1.6104,2375.87,1360.96,1.6941,1263.7585,6873.5142,582.4484,1497.77,2128.8,5423.43,1603.79,1577.5,1794.94,1067.81,1197.25,,1129.86,1686.46,1192.56,1766.87,2712.9468,10001.5146,3614.4002,45533.5139
2021-07-18,1271.4,1595.45,2922.455,55466.69,1624.025,1574.49,1686.515,1231.6888,1436.455,924.9723,784.56,906.34,1271.03315,841.5999999999999,1.70255,16188.605,1.0143,2634.125,1660.4,24096.0,2261.52,2757.965,1013.035,1.34995,2273.0600000000004,2079.16,833.0699999999999,1529.0528,3987.0068,2308.885,1464.6124,1686.583,1587.8157,827.0350000000001,1534.87545,1540.19,1532.905,1309.205,1640.13,1331.0,1.21651,1998.445,1122.585,1423.7141,1610.99,1179.68325,877.4438,1266.1104,2909.2962500000003,,956.07,3901.69,3479.67,1115.995,1102.51665,1658.535,1595.925,1150.32,10677.47,2625.42,2999.01,2451.7,3356.7250000000004,1.23345,1650.71,1188.145,1055.99,1167.725,2657.355,1847.375,6816.285,1471.705,1050.052,2955.075,1471.645,1.61525,2387.19,1365.715,1.6965,1251.8622,6782.052949999999,581.8638000000001,1510.86,2122.925,5454.895,1604.56,1578.785,1799.785,1079.29,1198.165,,1132.18,1680.13,1186.345,1782.915,2724.7365,9870.5801,3565.6061,45848.3187
2021-07-25,1272.16,1596.32,2927.42,55786.03,1618.81,1575.55,1687.93,1232.5402,1437.13,928.0735,784.72,913.97,1273.744,844.96,1.7238,16260.12,0.9965,2670.51,1663.24,24050.79,2245.89,2764.87,1006.62,1.3511,2273.84,2099.49,834.55,1530.5172,3991.4569,2277.1,1477.6882,1690.356,1588.6268,829.96,1536.1327,1543.9,1533.74,1322.21,1636.41,1332.12,1.168395,2008.75,1123.28,1427.3454,1614.92,1179.6449,884.0691,1266.3094,2916.7647,,948.22,3907.67,3484.46,1116.78,1103.202,1659.44,1596.77,1150.85,10955.36,2630.31,3001.57,2512.66,3367.25,1.2337,1652.01,1192.45,1056.49,1171.37,2660.9,1862.21,6864.26,1472.92,1051.0451,2960.23,1479.13,1.6331,2382.67,1366.34,1.6994,1260.9244,6845.0748,584.0666,1515.01,2170.1,5502.28,1633.04,1580.37,1840.35,1081.85,1199.28,,1134.02,1688.34,1193.89,1786.74,2729.1293,9880.1409,3572.1457,45963.9848
2021-08-01,1272.8049999999998,1597.0700000000002,2933.785,55382.305,1599.14,1576.485,1689.25,1234.3157,1440.01,904.4394,762.49,901.74,1277.4380999999998,862.835,1.7302,16110.69,0.9493,2651.3,1667.215,24012.2,2221.325,2771.82,1000.115,1.3487,2274.495,2131.21,812.17,1531.7531,3995.27085,2249.835,1496.99365,1696.0369,1589.99995,812.515,1538.0249,1547.79,1534.385,1350.4,1640.105,1334.245,1.113625,2077.705,1123.865,1430.52855,1620.555,1181.98525,876.8199,1268.57435,2924.1683000000003,,946.015,3912.66,3486.3,1112.845,1103.67475,1660.22,1597.8049999999998,1151.41,10895.525,2637.345,3006.67,2549.415,3340.62,1.23305,1653.185,1166.15,1057.05,1179.495,2664.36,1848.4,6818.935,1473.77,1051.9016,2969.19,1464.6999999999998,1.6328999999999998,2361.675,1368.155,1.6968,1270.8649,6889.937550000001,578.7079,1520.55,2134.98,5541.92,1630.87,1581.955,1844.475,1052.44,1200.23,,1135.85,1681.335,1195.0700000000002,1792.62,2736.32605,10223.7921,3697.5428,46093.927800000005
2021-08-08,1273.53,1597.94,2929.72,55927.64,1595.03,1577.61,1690.67,1236.1957,1443.78,926.0306,781.67,911.2,1281.85,877.18,1.7496,16299.22,0.9703,2688.9,1668.04,24277.67,2242.94,2776.94,1006.45,1.3516,2275.18,2079.05,835.02,1533.1721,3999.6651,2271.6,1497.3464,1701.2281,1591.4236,827.93,1539.8815,1552.18,1535.18,1343.57,1641.86,1337.87,1.123437,2171.99,1124.55,1435.7388,1624.41,1182.9474,887.1688,1272.1316,2930.3762,,960.92,3920.13,3485.86,1108.42,1104.2453,1661.08,1598.58,1152.07,10937.64,2644.75,3014.26,2542.01,3355.18,1.2338,1654.29,1188.77,1057.55,1178.95,2670.7,1877.38,6835.42,1474.6,1052.1605,2976.84,1486.62,1.6442,2369.63,1371.37,1.7002,1295.9997,7022.415,580.4337,1527.91,2177.61,5614.12,1651.89,1583.41,1849.4,1069.99,1201.28,,1137.41,1708.95,1216.76,1799.0,2740.4225,10493.4867,3793.6665,46232.7587
2021-08-15,1274.16,1598.6950000000002,2926.225,55712.58500000001,1600.985,1578.17,1691.3049999999998,1229.461,1443.935,924.4281,787.07,916.4,1278.9367,857.73,1.75475,16297.805,0.9752,2686.2250000000004,1665.365,24161.455,2240.62,2770.9,1007.045,1.3491499999999998,2275.74,2080.0950000000003,840.545,1534.3988,4003.41245,2265.375,1477.23095,1695.4721,1592.0590499999998,830.75,1540.7177499999998,1547.74,1535.47,1310.4050000000002,1639.84,1337.145,1.103548,2102.225,1125.14,1428.8305,1618.58,1184.2651,883.0923,1271.19725,2920.0665,,942.83,3920.345,3469.95,1107.335,1104.65915,1661.79,1599.28,1152.3850000000002,11040.755,2637.15,3009.86,2519.46,3391.82,1.2323499999999998,1655.105,1192.8249999999998,1058.09,1156.435,2667.485,1839.295,6702.115,1474.69,1052.2226,2968.1800000000003,1465.82,1.64385,2364.205,1370.045,1.6979,1289.5026,7034.4665,576.3809,1525.255,2184.215,5572.495000000001,1654.675,1584.505,1866.31,1075.34,1202.225,,1139.12,1691.265,1208.445,1791.515,2735.8608,10313.39865,3727.3988,46126.794850000006
2021-08-22,1274.92,1599.56,2928.57,55103.11,1581.74,1578.76,1692.31,1231.7281,1444.17,921.7694,790.99,919.96,1280.343,837.04,1.7633,16248.08,0.9322,2676.36,1667.59,24014.05,2209.71,2773.43,999.25,1.3545,2276.42,1967.99,853.21,1535.7792,4007.6424,2228.25,1452.4612,1697.2509,1592.9374,837.72,1541.8661,1549.54,1536.12,1281.22,1641.4,1338.32,1.022776,2015.43,1125.85,1430.8476,1619.86,1185.4041,878.9806,1271.5125,2922.5196,,907.0,3925.89,3462.46,1112.07,1105.1543,1662.64,1600.09,1153.02,11051.22,2639.37,3014.43,2501.91,3338.27,1.2346,1656.22,1202.77,1058.63,1133.26,2670.87,1803.64,6481.4,1475.38,1052.8761,2970.8,1446.84,1.6601,2336.45,1371.69,1.7016,1273.0469,6888.9373,564.927,1527.11,2151.43,5465.05,1608.02,1586.11,1811.93,1074.03,1203.34,,1140.86,1664.46,1181.81,1794.91,2738.4495,10005.7841,3616.4862,46190.2869
2021-08-29,1275.5549999999998,1600.3200000000002,2941.075,54914.740000000005,1584.25,1579.36,1692.9,1234.0841,1454.125,919.1597,782.52,911.885,1289.9753999999998,843.585,1.77455,16153.155,0.9433,2657.06,1675.24,23935.715,2222.415,2793.965,998.125,1.35205,2277.025,1958.935,844.38,1536.96155,4011.29905,2221.665,1439.3271,1714.1343,1593.64635,830.77,1542.763,1562.04,1536.62,1264.815,1647.86,1344.905,1.078008,1997.555,1126.535,1447.67175,1636.1950000000002,1186.35045,875.307,1278.51735,2956.3106500000004,,905.87,3936.05,3471.555,1109.205,1105.7071999999998,1663.325,1600.99,1153.51,10912.02,2663.57,3022.955,2473.295,3339.65,1.2342,1657.02,1192.725,1059.18,1128.625,2673.8450000000003,1815.71,6562.82,1475.765,1053.2654,3001.2200000000003,1455.065,1.66545,2346.8050000000003,1379.5300000000002,1.69875,1270.7944,6897.10145,568.6411,1539.955,2143.675,5448.4,1601.64,1587.63,1804.135,1065.21,1204.3200000000002,,1142.55,1654.845,1173.02,1812.75,2753.19675,9940.19035,3590.79355,46577.23605
2021-09-05,1276.28,1601.19,2945.49,56178.47,1623.26,1580.23,1693.75,1235.7493,1453.99,948.8829,808.38,938.36,1293.6078,859.9,1.7904,16624.04,0.9762,2724.53,1677.69,24488.67,2280.46,2800.1,1011.25,1.3578,2277.65,2023.51,868.03,1538.3215,4015.5841,2274.79,1466.3069,1721.2788,1594.8526,856.78,1544.3348,1566.38,1537.09,1288.15,1648.67,1344.76,1.108086,2008.16,1127.25,1454.301,1641.35,1187.427,900.4857,1277.2874,2969.8223,,927.16,3938.22,3478.92,1108.95,1106.1816,1664.19,1601.97,1153.92,11196.44,2671.88,3024.61,2500.53,3438.05,1.2361,1658.03,1230.18,1059.72,1146.19,2678.79,1851.35,6758.52,1476.1,1053.4229,3009.8,1485.93,1.687,2386.79,1380.12,1.7047,1301.1611,7141.8348,583.2537,1545.95,2208.89,5446.53,1603.32,1589.26,1832.83,1102.51,1205.53,,1144.41,1694.01,1197.54,1820.16,2759.0602,10088.764,3646.0661,46713.2176
2021-09-12,1276.935,1601.94,2936.2,55886.005000000005,1631.835,1580.675,1694.215,1235.4004,1453.665,947.3193,802.98,937.375,1293.6358,847.73,1.7693,16628.985,0.9808,2715.53,1677.05,24471.975,2286.615,2799.04,1006.965,1.35865,2278.23,2034.065,863.635,1539.4979,4019.374,2260.78,1457.0247,1719.7804,1595.4669,852.665,1545.3182,1566.155,1537.5,1269.325,1648.285,1342.95,1.118688,1946.58,1127.85,1452.8119,1640.085,1188.5114,892.8165,1275.20475,2965.85725,,920.275,3935.315,3476.065,1107.815,1106.59415,1664.965,1602.715,1154.415,11106.145,2671.41,3026.27,2479.505,3452.125,1.23615,1658.85,1227.92,1060.25,1143.745,2677.995,1850.775,6784.68,1476.535,1053.8205,3008.435,1488.01,1.668,2396.04,1380.005,1.7050999999999998,1301.00245,7151.7320500000005,585.6572,1545.44,2218.065,5477.695,1613.885,1590.6,1849.36,1103.78,1206.505,,1146.05,1673.48,1178.61,1819.85,2758.7246,9921.95025,3587.0314,46713.46325
2021-09-19,1277.66,1602.8,2941.93,56359.62,1641.86,1581.33,1694.81,1234.7127,1456.02,948.2102,797.89,929.51,1297.8143,865.4,1.756,16635.61,0.9614,2716.48,1681.13,24683.32,2316.15,2805.08,1007.95,1.3591,2278.81,2053.28,852.47,1540.86,4023.7388,2269.27,1477.162,1722.9168,1596.3402,845.43,1546.5423,1569.42,1537.91,1275.24,1651.05,1344.91,1.078847,2029.01,1128.51,1455.5726,1644.32,1189.7726,897.4025,1276.8764,2972.8714,,934.1,3941.39,3483.0,1104.28,1107.0349,1665.79,1603.54,1154.95,11018.39,2674.79,2966.53,2494.75,3468.45,1.2363,1659.68,1213.04,1060.77,1150.57,2682.57,1863.25,6839.32,1476.75,1054.5074,3016.25,1491.06,1.6593,2402.1,1382.25,1.7047,1361.6463,7265.4463,590.3064,1548.73,2192.07,5477.55,1594.37,1592.2,1859.33,1091.72,1207.57,,1147.65,1686.84,1190.54,1825.04,2762.7404,10004.5631,3620.3233,46825.7529
2021-09-26,1278.28,1603.54,2938.585,56297.895,1638.6950000000002,1582.63,1696.6950000000002,1236.2097,1455.6799999999998,945.5441,791.83,927.64,1293.8519,857.4549999999999,1.76395,16678.285,0.9403,2719.665,1679.66,24712.88,2322.9,2798.61,1007.355,1.35285,2279.32,2074.665,857.56,1542.03745,4027.53185,2259.96,1482.0393,1716.4495,1596.9004,846.94,1547.5817000000002,1565.265,1538.375,1278.055,1647.915,1344.77,1.05158,2017.365,1129.07,1448.7951,1638.985,1190.86105,898.67085,1276.66775,2959.8724,,933.215,3943.26,3479.75,1099.125,1107.46625,1666.525,1604.19,1155.59,10926.68,2668.94,2965.625,2459.545,3451.335,1.2341,1660.6750000000002,1217.06,1061.28,1147.5500000000002,2663.63,1865.385,6849.33,1477.11,1054.4979,3008.305,1496.5549999999998,1.65585,2405.08,1380.61,1.69875,1351.598,7264.73725,588.22335,1546.19,2193.52,5489.780000000001,1581.94,1593.575,1869.985,1087.52,1208.49,,1149.42,1685.335,1189.495,1817.24,2760.00885,9948.7122,3604.57195,46720.94695
2021-10-03,1279.17,1604.4,2935.66,56269.47,1647.98,1582.93,1697.13,1236.2786,1454.85,972.3491,809.8,950.55,1289.0138,863.75,1.7166,16782.11,0.9288,2753.47,1677.23,24714.75,2326.13,2790.04,1013.31,1.3451,2279.82,2124.58,882.92,1543.3986,4031.9154,2279.57,1500.4346,1706.8671,1598.0976,868.06,1549.0574,1560.01,1538.48,1284.82,1646.42,1344.1,1.040137,1964.66,1129.65,1441.332,1633.15,1192.0334,903.5664,1273.6757,2943.6106,,931.84,3942.87,3474.47,1092.05,1108.0412,1667.38,1605.0,1156.06,11114.56,2660.26,2963.64,2471.19,3511.8,1.2311,1661.34,1245.1,1061.82,1156.91,2649.73,1862.68,6872.01,1477.14,1054.6231,2933.09,1498.91,1.6039,2411.5,1380.02,1.689,1351.3296,7374.0671,595.8519,1543.92,2316.9,5505.84,1635.88,1595.16,1976.01,1108.62,1209.54,,1150.92,1684.52,1193.66,1807.15,2754.1596,9992.4184,3617.1731,46591.5849
2021-10-10,1279.79,1605.135,2927.745,57672.205,1696.395,1583.865,1697.745,1238.4926,1457.355,1022.8629,859.63,998.105,1287.94225,889.13,1.7269,17320.845,0.9374,2833.1400000000003,1679.215,25251.565,2370.145,2788.375,1033.09,1.33555,2280.23,2170.4,943.615,1544.57885,4035.7374,2365.82,1557.4412,1700.80515,1598.656,913.525,1549.8245000000002,1557.635,1538.78,1303.1750000000002,1647.895,1346.21,1.045554,1903.335,1130.215,1435.50825,1631.145,1192.6605,940.61185,1277.7154999999998,2938.3897,,955.13,3948.28,3491.645,1077.4,1108.4137999999998,1668.105,1605.565,1156.34,11486.67,2655.7200000000003,2967.665,2490.45,3579.645,1.22635,1662.13,1310.31,1062.34,1195.395,2653.04,1913.25,6978.81,1477.1950000000002,1054.6314,2931.065,1543.06,1.60425,2455.505,1380.87,1.6778,1394.32025,7547.99555,616.6193000000001,1541.755,2425.545,5590.955,1695.89,1596.585,2069.515,1171.25,1210.51,,1152.54,1729.35,1213.105,1800.37,2751.9746,10219.15955,3701.5643,46559.1652
2021-10-17,1280.3,1605.92,2936.87,59411.22,1748.6,1584.94,1698.81,1236.1564,1463.3,1056.6552,888.05,1039.94,1292.7426,918.87,1.754,17909.59,0.9583,2918.22,1683.9,25955.17,2424.95,2801.97,1049.19,1.3382,2280.79,2205.52,990.74,1545.9425,4040.1504,2433.25,1613.8777,1713.7177,1599.3919,952.04,1550.745,1564.76,1539.25,1351.66,1652.67,1349.75,1.067973,1888.6,1130.88,1444.5679,1638.58,1193.4519,972.4755,1281.3656,2956.3209,,957.15,3953.08,3494.73,1080.22,1109.0961,1668.97,1606.33,1156.85,11957.86,2667.85,2973.46,2545.2,3657.99,1.2258,1663.35,1365.45,1062.86,1228.88,2657.7,1973.11,7171.62,1477.61,1054.6997,2947.78,1587.04,1.6365,2503.86,1383.59,1.6725,1428.2232,7719.8469,631.3619,1548.35,2507.02,5566.57,1701.36,1598.25,2103.05,1216.79,1211.6,,1154.09,1774.89,1244.49,1811.07,2763.3056,10498.1522,3810.6776,46760.8481
2021-10-24,1280.97,1606.615,2939.205,59850.015,1737.2199999999998,1585.895,1699.995,1237.9874,1464.17,1056.4163,885.92,1038.035,1293.109,920.42,1.7631,17924.105,0.9795,2917.705,1684.5,26068.935,2430.585,2802.485,1045.365,1.33635,2281.335,2195.435,987.785,1547.127,4043.96545,2413.155,1608.4427500000002,1714.53125,1600.1381,949.055,1551.7855,1565.09,1539.8,1353.65,1640.495,1350.69,1.099771,1895.35,1131.46,1444.581,1638.8049999999998,1194.2174,973.35665,1281.3549,2956.2325,,954.875,3956.535,3496.42,1075.675,1109.53915,1669.745,1606.995,1157.3449999999998,11885.135,2667.62,2975.7250000000004,2515.24,3640.74,1.2246,1664.235,1361.045,1063.43,1223.56,2661.665,1977.12,7133.17,1478.25,1055.1945,2948.335,1584.575,1.6545999999999998,2494.3,1386.07,1.67095,1436.75955,7696.0612,623.9332999999999,1550.125,2512.835,5590.845,1707.225,1599.705,2080.69,1216.35,1212.585,,1155.72,1785.735,1252.46,1811.925,2765.10585,10541.9611,3826.7438,46802.48425
2021-10-31,1281.71,1607.43,2941.42,59285.73,1713.28,1586.27,1700.5,1238.4995,1466.01,1042.7409,869.67,1018.05,1294.6997,911.07,1.7853,17697.39,0.9693,2867.14,1686.36,25804.58,2414.1,2806.66,1035.08,1.3406,2281.95,2163.9,969.79,1548.4919,4048.3756,2367.01,1585.9566,1722.3613,1600.8214,932.67,1552.554,1569.08,1540.0,1329.56,1640.92,1351.7,1.087085,1932.11,1132.09,1450.1517,1640.8,1195.3492,958.7928,1282.2999,2964.3659,,953.21,3959.22,3496.67,1087.71,1110.0015,1670.57,1607.75,1157.58,11758.59,2675.46,2976.32,2524.79,3596.44,1.2254,1664.98,1337.37,1063.95,1214.74,2662.89,1949.95,7002.78,1478.11,1055.2314,2953.73,1563.72,1.6706,2468.24,1386.97,1.6733,1411.4257,7616.4716,614.0576,1556.45,2461.55,5548.73,1671.71,1601.4,2044.7,1195.72,1213.77,1000.0,1157.38,1767.72,1240.86,1820.58,2768.9593,10387.4155,3760.9918,46923.0681
2021-11-07,1282.38,1608.125,2937.245,59002.850000000006,1714.455,1586.87,1700.985,1238.8881,1468.01,1037.2016,864.35,1014.82,1294.45215,901.195,1.81365,17632.85,0.961,2857.61,1686.31,25688.145,2411.6800000000003,2805.8050000000003,1032.81,1.34055,2282.44,2152.895,965.88,1549.65895,4052.1747,2357.0,1578.1751,1723.6932000000002,1601.4583,926.745,1553.54805,1569.58,1540.1799999999998,1320.59,1640.405,1353.54,1.08346,1917.21,1132.62,1450.38415,1639.65,1196.61155,954.80555,1285.5300000000002,2962.94805,,948.935,3965.16,3502.1800000000003,1093.615,1110.28575,1671.245,1608.27,1157.925,11671.765,2676.78,2978.57,2487.245,3587.05,1.22555,1665.65,1329.09,1064.47,1208.15,2662.135,1941.765,6977.625,1477.935,1055.2703,2954.135,1556.64,1.69035,2460.435,1394.0500000000002,1.67325,1413.7654,7633.22905,615.7234,1557.13,2450.715,5568.475,1683.085,1602.745,2056.895,1190.09,1214.72,1001.29,1158.93,1757.195,1234.19,1821.94,2772.68665,10333.546450000002,3738.38435,46982.4353
2021-11-14,1283.15,1608.95,2937.34,59171.96,1709.18,1587.33,1702.01,1235.4368,1470.52,1040.5532,867.27,1017.25,1298.2397,908.94,1.8116,17664.13,0.9756,2859.84,1689.33,25712.35,2412.73,2813.24,1033.12,1.3403,2283.09,2147.4,965.21,1550.9902,4056.4194,2359.78,1579.5991,1731.5879,1602.2229,930.25,1554.5667,1574.01,1540.78,1333.04,1642.72,1355.69,1.101983,1985.54,1133.24,1455.968,1643.38,1198.1111,959.2156,1287.1723,2973.5171,,950.54,3969.74,3499.33,1093.0,1110.6947,1672.15,1609.03,1158.33,11815.03,2686.01,2980.86,2528.32,3603.31,1.2254,1666.64,1334.1,1065.03,1211.77,2664.08,1957.33,7062.76,1478.58,1055.8569,2963.28,1564.35,1.6951,2467.44,1397.42,1.6732,1427.0843,7656.9368,612.2098,1562.17,2468.72,5619.3,1665.26,1604.42,2055.62,1194.94,1215.83,1002.48,1160.54,1767.84,1241.46,1829.48,2776.47,10382.77,3759.35,47127.5656
2021-11-21,1283.82,1609.665,2942.26,59535.005000000005,1719.86,1588.125,1702.965,1238.7703,1472.0949999999998,1054.9138,881.12,1022.83,1300.17055,919.87,1.82115,17745.53,0.9756,2882.625,1692.545,25821.555,2418.245,2817.87,1036.765,1.3426,2283.59,2202.41,970.65,1552.12295,4060.1036,2373.3900000000003,1582.2637,1735.1523499999998,1602.7796,935.725,1555.31465,1576.805,1541.1950000000002,1339.255,1645.965,1357.58,1.093669,1974.835,1133.81,1459.1146,1645.9450000000002,1199.09615,956.3495,1288.71495,2978.82025,,949.495,3979.355,3511.58,1095.26,1111.06225,1672.93,1609.655,1158.87,11892.48,2689.97,2987.77,2554.34,3627.115,1.2262,1667.34,1342.005,1065.53,1215.3,2667.83,1977.055,7096.514999999999,1479.005,1055.9273,2967.98,1570.58,1.6999,2469.05,1399.45,1.6748,1430.5146,7686.5699,611.8065999999999,1564.38,2477.915,5809.79,1746.98,1605.725,2042.38,1211.14,1216.78,1003.72,1162.01,1787.08,1259.435,1831.95,2782.82,10572.95,3831.03,47210.648
2021-11-28,1284.6,1610.48,2944.82,58256.1,1704.97,1588.91,1704.06,1240.5862,1472.5,1023.102,862.3,1009.84,1299.8985,901.79,1.7781,17347.68,0.9507,2830.8,1693.31,25151.41,2375.51,2817.53,1033.85,1.3406,2284.16,2113.76,962.1,1553.344,4064.3437,2355.2,1551.2998,1730.4008,1603.4589,924.59,1556.3979,1576.71,1541.75,1311.36,1646.21,1357.94,1.056695,1926.74,1134.42,1457.9102,1646.23,1199.7896,935.8529,1288.4498,2974.3624,,924.79,3981.65,3509.51,1093.3,1111.4648,1673.72,1610.49,1159.4,11678.81,2687.37,2991.52,2530.81,3572.67,1.2259,1668.41,1325.73,1066.08,1197.86,2671.48,1927.35,6890.14,1479.7,1056.2045,2966.63,1529.61,1.6614,2457.63,1398.86,1.6733,1390.6912,7495.6198,595.5071,1565.09,2479.99,5862.27,1750.6,1607.44,2032.3,1179.59,1217.92,1005.53,1163.6,1752.03,1232.88,1830.09,2784.56,10384.15,3739.99,47213.6078
2021-12-05,1285.225,1611.175,2936.4700000000003,58569.865000000005,1721.805,1589.38,1704.995,1240.2568,1469.27,1020.7707,861.23,1012.37,1291.5003499999998,907.2,1.77165,17464.985,0.9293,2835.625,1689.265,25354.73,2391.61,2800.3900000000003,1031.845,1.33885,2284.655,2110.0150000000003,966.525,1554.39265,4068.0104,2345.125,1551.2776,1710.42195,1604.9415,928.785,1557.4396000000002,1566.92,1542.145,1331.395,1640.475,1356.17,1.038231,1943.545,1134.95,1444.7975,1634.065,1200.32955,927.73545,1283.95525,2944.7599,,910.245,3979.195,3507.91,1096.52,1111.55325,1674.395,1611.12,1159.78,11616.15,2667.335,2988.8900000000003,2540.04,3568.525,1.22295,1669.37,1331.48,1066.57,1188.045,2669.26,1937.145,6880.3,1480.09,1056.4197,2950.295,1525.42,1.65565,2460.645,1396.955,1.671,1382.6335,7476.0261,593.60115,1556.67,2470.915,5868.605,1718.3,1608.9,1985.43,1180.73,1218.9499999999998,1006.75,1165.19,1756.02,1236.215,1811.78,2782.74,10446.735,3756.29,46956.74485
2021-12-12,1286.04,1611.99,2931.51,59511.72,1751.49,1590.01,1705.97,1237.4668,1472.55,1032.3025,869.89,1018.46,1293.5176,924.25,1.819,17590.78,0.9399,2869.03,1692.66,25557.13,2414.81,2806.6,1039.39,1.3423,2285.22,2145.62,970.62,1555.5736,4072.2208,2382.41,1566.2411,1714.1022,1605.5953,932.0,1558.2492,1568.86,1542.45,1358.62,1643.19,1358.6,1.043089,1956.69,1135.55,1445.7517,1636.09,1200.9968,936.8445,1284.6508,2952.5573,,926.95,3980.87,3516.55,1102.52,1111.9448,1675.2,1611.8,1160.05,11658.63,2670.25,2991.08,2549.71,3598.81,1.223,1670.29,1336.1,1067.11,1204.37,2666.69,1980.74,7048.96,1480.16,1056.7472,2957.13,1552.95,1.6856,2474.72,1398.33,1.674,1393.0055,7528.9002,602.266,1558.84,2517.29,6094.71,1785.9,1610.6,2010.95,1193.19,1220.16,1008.02,1166.65,1794.02,1271.21,1809.57,2787.95,10694.7,3851.73,47023.9362
2021-12-19,1286.725,1612.6950000000002,2923.835,59335.795,1734.745,1590.6550000000002,1707.45,1238.2204,1471.76,1018.5154,860.99,1006.27,1287.8409,926.475,1.80125,17370.65,0.9045,2844.81,1686.69,25285.785,2379.455,2795.21,1035.855,1.3454,2285.775,2109.225,958.675,1556.55475,4075.85625,2342.11,1552.34965,1706.49855,1606.2696,921.65,1559.11325,1564.435,1543.0949999999998,1348.8049999999998,1638.7,1358.105,0.996367,1948.97,1136.09,1441.2745,1629.07,1201.61445,922.78595,1285.9340499999998,2933.00275,,909.34,3981.34,3511.975,1105.005,1112.35025,1676.025,1612.465,1160.45,11494.875,2661.08,2923.035,2533.965,3533.48,1.22385,1671.3249999999998,1321.415,1067.67,1185.9050000000002,2666.565,1955.285,6944.6900000000005,1480.98,1057.5111,2946.275,1539.54,1.6685500000000002,2449.435,1396.71,1.6769500000000002,1375.6891,7401.447700000001,587.41365,1560.025,2504.21,6099.645,1808.335,1612.0700000000002,2014.575,1178.12,1221.185,1009.32,1168.3,1785.905,1265.585,1805.41,2789.9750000000004,10624.075,3813.945,46898.9169
2021-12-26,1287.53,1613.51,2935.56,59191.8,1727.3,1591.77,1708.85,1241.9101,1477.38,1015.2729,853.27,998.66,1294.951,935.35,1.8222,17254.32,0.8981,2824.32,1692.92,25118.99,2358.7,2810.77,1036.03,1.3453,2286.39,2100.1,947.03,1557.71,4080.0357,2333.01,1542.1266,1718.5714,1607.0404,914.22,1560.0837,1572.62,1543.55,1346.38,1645.11,1361.77,0.993231,1958.71,1136.67,1450.4278,1638.41,1202.5015,911.7412,1288.8955,2949.2837,,903.13,3990.92,3518.33,1101.25,1112.7481,1676.85,1613.33,1160.99,11469.73,2674.98,2928.28,2530.94,3493.4,1.2241,1672.47,1310.74,1068.34,1177.8,2644.25,1956.47,6960.26,1481.44,1057.4949,2960.18,1546.44,1.6826,2443.19,1400.39,1.6773,1358.0121,7338.1564,585.5089,1568.01,2490.43,6101.58,1765.84,1613.8,1976.54,1170.41,1222.4,1010.61,1169.9,1789.23,1267.91,1814.95,2800.71,10624.93,3807.26,47135.2898
2022-01-02,1288.21,1614.16,2937.61,58994.85,1726.19,1593.25,1710.15,1242.981,1479.27,1004.4497,852.2,999.94,1295.414,935.23,1.834,17217.4,0.9035,2816.72,1693.45,25068.74,2364.84,2810.89,1038.76,1.3458,2286.9,2090.01,946.77,1558.6292,4083.3687,2337.17,1541.4578,1719.2057,1607.6023,912.99,1560.7931,1573.64,1544.2,1340.64,1645.26,1363.75,0.9943,1935.92,1137.16,1451.4445,1638.96,1203.1449,910.6141,1290.8056,2951.7115,,905.75,3999.33,3525.78,1101.43,1113.014,1677.51,1614.16,1161.64,11425.04,2676.16,2930.36,2516.34,3496.34,1.2242,1673.57,1308.9,1068.87,1179.59,2649.0,1949.62,6959.87,1482.45,1058.015,2960.6,1541.25,1.6958,2444.58,1402.16,1.6776,1356.4451,7370.4521,586.8589,1571.26,2485.63,6051.91,1758.75,1615.16,1982.62,1167.37,1223.38,1011.72,1171.19,1775.1,1256.28,1817.15,2801.75,10547.59,3781.47,47192.9912
2022-01-09,1289.08,1615.03,2915.89,59870.58,1761.73,1594.22,1711.14,1241.652,1474.51,1023.9731,871.36,1016.13,1286.8977,945.57,1.78,17424.88,0.8759,2857.86,1685.33,25299.55,2382.99,2795.68,1047.01,1.3332,2287.54,2083.09,964.32,1559.8565,4087.8116,2389.25,1566.4144,1707.8145,1608.2948,933.56,1561.5682,1566.34,1544.71,1375.94,1632.63,1360.48,0.974202,1970.61,1137.79,1445.8539,1630.48,1203.9644,922.9015,1287.3118,2936.1586,,916.1,3992.2,3532.23,1091.08,1113.4817,1678.38,1614.97,1162.09,11594.71,2661.48,2924.6,2529.8,3536.44,1.2182,1674.25,1338.09,1069.5,1189.0,2640.22,1973.89,7029.32,1483.08,1058.3573,2946.68,1556.5,1.6469,2475.02,1399.03,1.6648,1376.2944,7505.9694,598.4785,1566.83,2518.17,6097.1,1763.85,1616.85,1995.02,1188.8,1224.53,1013.14,1172.62,1804.07,1270.56,1810.59,2794.71,10589.16,3791.75,46971.3104
2022-01-16,1289.77,1615.73,2920.49,59478.065,1725.92,1594.71,1711.63,1236.8524,1477.75,1024.6644,874.62,1018.24,1288.7994,942.295,1.77145,17349.27,0.901,2838.25,1686.735,25132.715,2364.585,2800.95,1043.33,1.3266,2288.045,2070.2250000000004,971.01,1560.85255,4091.40695,2350.29,1561.375,1709.8038,1608.88215,935.975,1562.26435,1567.76,1544.8200000000002,1368.045,1636.525,1362.675,0.999112,1968.61,1138.3,1446.5487,1633.775,1204.61835,917.9047,1289.2193,2937.32735,,896.53,3998.52,3528.505,1081.26,1113.77,1679.105,1615.45,1162.3049999999998,11544.455,2664.65,2927.76,2502.705,3490.195,1.21545,1674.855,1341.345,1070.04,1170.785,2643.825,1956.775,6909.205,1482.87,1058.4298,2951.74,1549.96,1.632,2457.26,1400.48,1.6599,1358.0990499999998,7481.92675,589.76595,1569.98,2506.04,6062.25,1746.775,1618.29,1971.34,1186.94,1225.48,1014.4,1174.04,1804.085,1274.225,1811.295,2795.27,10620.77,3798.17,47043.01755
2022-01-23,1290.58,1616.54,2920.42,59770.5,1746.24,1596.23,1712.79,1235.9327,1479.45,1027.1549,881.18,1023.82,1287.2051,937.23,1.7129,17434.77,0.8943,2844.39,1685.6,25211.34,2374.6,2799.67,1048.01,1.3198,2288.66,2076.95,977.9,1562.0117,4095.5729,2361.61,1565.0239,1711.247,1609.6327,944.03,1563.09,1568.41,1545.14,1391.42,1623.67,1363.48,1.005449,1951.68,1138.91,1448.2464,1633.45,1205.354,921.2911,1290.9135,2937.9007,,900.35,3999.79,3528.82,1077.76,1114.2411,1679.95,1615.92,1162.79,11589.81,2664.66,2927.89,2506.71,3494.83,1.2104,1675.98,1353.02,1070.55,1174.65,2644.28,1936.13,6791.5,1483.52,1058.6008,2950.3,1539.27,1.6073,2463.58,1402.1,1.6532,1353.2207,7473.4681,588.9756,1571.41,2500.68,6062.61,1770.04,1619.99,1946.31,1191.17,1226.6,1015.58,1175.52,1800.97,1267.99,1811.49,2794.57,10608.55,3793.92,47060.0823
2022-01-30,1291.28,1617.245,2920.045,58728.02,1715.38,1597.24,1713.71,1237.0939,1480.61,1013.4649,871.5,1011.975,1287.0364,913.83,1.694,17112.635000000002,0.8388,2802.205,1684.94,24740.56,2339.63,2798.09,1042.75,1.31435,2289.15,2022.98,970.095,1563.01195,4099.13575,2322.19,1530.26405,1709.9908,1610.28455,932.655,1563.8141,1567.665,1545.585,1359.21,1622.465,1363.94,0.940736,1894.565,1139.44,1447.23435,1632.54,1206.28635,908.24805,1291.3321,2940.2476,,883.255,4001.085,3525.1800000000003,1071.075,1114.53115,1680.675,1616.57,1163.16,11399.23,2662.61,2928.94,2484.7650000000003,3450.46,1.2071,1676.8,1336.5,1071.07,1151.425,2645.675,1881.625,6591.37,1484.03,1058.7996,2949.92,1501.21,1.58825,2439.83,1401.935,1.64825,1319.0391,7343.0554,576.7669000000001,1571.965,2490.505,6107.27,1783.16,1621.44,1934.15,1172.57,1227.56,1016.75,1177.07,1760.865,1239.455,1810.87,2797.4,10500.985,3749.69,47044.045
2022-02-06,1292.08,1618.11,2924.08,58955.95,1719.24,1598.53,1714.96,1238.9395,1483.06,1013.7176,870.53,1008.53,1290.4418,926.89,1.7188,17154.44,0.865,2801.35,1688.44,24906.51,2357.93,2803.91,1045.54,1.3133,2289.7,2023.01,968.9,1564.1689,4103.2242,2344.6,1535.3793,1714.9789,1610.9993,929.8,1564.5858,1571.14,1546.2,1360.92,1624.71,1365.8,0.973926,1887.69,1140.05,1451.6806,1635.74,1207.8096,915.1742,1292.9909,2944.5845,,901.91,4005.77,3521.59,1071.42,1114.9875,1681.49,1617.42,1163.65,11394.07,2668.59,2931.91,2516.52,3486.72,1.2064,1677.77,1336.27,1071.65,1171.67,2648.58,1911.89,6712.57,1485.13,1059.2223,2953.9,1520.66,1.5945,2438.32,1404.87,1.6476,1324.4416,7386.787,576.3064,1575.45,2482.66,6177.99,1819.92,1623.0,1962.71,1171.35,1228.94,1018.24,1178.38,1768.26,1243.33,1815.61,2801.3,10495.1,3745.61,47166.6737
2022-02-13,1292.775,1618.81,2917.33,59337.56,1714.895,1599.13,1715.585,1236.919,1483.86,1026.4989,888.68,1024.385,1289.9875,933.37,1.7089,17297.275,0.8474,2834.16,1689.25,25080.515,2363.155,2806.07,1054.75,1.30735,2290.11,2028.51,992.325,1565.1707,4106.86545,2378.245,1551.7215,1715.57505,1611.68165,949.485,1565.2962,1572.08,1546.48,1351.9450000000002,1624.3249999999998,1366.15,0.969727,1864.41,1140.57,1453.23055,1638.0549999999998,1208.65585,925.15835,1293.45995,2946.71075,,909.24,4007.605,3524.0950000000003,1065.83,1115.2489,1682.225,1617.98,1163.9,11510.49,2669.565,2935.775,2519.04,3503.03,1.2004,1677.625,1363.965,1072.07,1187.965,2651.58,1933.25,6712.945,1484.97,1059.3075,2954.83,1532.18,1.5881,2445.86,1405.09,1.6398,1349.9807,7459.04635,583.4585,1576.76,2500.955,6221.705,1844.2,1624.41,2017.2,1185.03,1229.9,1019.41,1179.91,1783.0549999999998,1260.2,1816.695,2804.9750000000004,10607.44,3786.115,47203.9678
2022-02-20,1293.6,1619.59,2920.55,60247.7,1729.2,1600.23,1716.94,1237.6808,1486.85,1036.4452,897.04,1037.86,1291.471,947.74,1.6769,17557.5,0.8415,2877.33,1691.73,25432.3,2385.98,2810.89,1054.77,1.2961,2290.67,2080.23,1000.99,1566.3297,4111.1668,2375.93,1570.3718,1718.4231,1612.4324,958.12,1566.2063,1575.05,1547.36,1374.74,1625.81,1367.63,0.956469,1880.39,1141.2,1456.4617,1641.41,1209.6391,935.0793,1295.9854,2949.502,,908.81,4008.99,3526.13,1055.48,1115.7146,1683.06,1619.04,1164.45,11676.85,2674.04,2939.1,2546.32,3537.24,1.1926,1679.88,1376.19,1072.63,1192.9,2654.12,1958.01,6839.08,1486.13,1059.7396,2958.34,1548.93,1.5614,2455.24,1406.14,1.6332,1366.3833,7541.3976,588.3174,1580.93,2512.53,6138.1,1818.71,1626.14,2039.18,1201.83,1231.09,1020.56,1181.63,1804.49,1291.5,1819.96,2808.81,10876.08,3881.94,47291.7965
2022-02-27,1294.3049999999998,1620.26,2921.575,60017.61,1731.4699999999998,1600.99,1717.79,1236.8047,1488.1,1036.4093,903.55,1039.545,1292.0245,949.86,1.6674,17474.41,0.8133,2880.695,1693.405,25246.105,2368.88,2814.05,1055.41,1.2898,2291.135,2093.4350000000004,997.82,1567.33615,4114.9088,2371.755,1574.00465,1720.6428,1612.91825,959.24,1566.85365,1577.19,1547.725,1383.125,1628.965,1368.85,0.902567,1862.13,1141.715,1458.6682,1643.915,1210.4499,920.58785,1296.2082,2953.4504,,897.365,4011.61,3525.3500000000004,1053.02,1116.07025,1683.775,1619.725,1164.73,11605.82,2676.365,2938.105,2492.09,3505.465,1.1892,1681.085,1377.485,1073.07,1174.08,2653.0600000000004,1935.945,6710.595,1486.66,1059.8818,2960.3900000000003,1536.53,1.54835,2437.33,1407.385,1.62965,1358.37525,7527.87235,587.1547499999999,1583.005,2510.265,6020.08,1781.0549999999998,1627.5300000000002,1999.57,1206.29,1232.0,1021.78,1183.15,1807.195,1304.715,1822.845,2811.1800000000003,10976.775,3923.005,47353.6494
2022-03-06,1294.65,1621.02,2918.87,61562.85,1802.29,1601.96,1718.85,1235.8095,1485.32,1044.8425,912.54,1051.37,1286.9563,974.7,1.6312,17779.76,0.7717,2974.81,1689.64,25691.94,2429.47,2805.82,1068.36,1.2909,2291.63,2170.44,1002.69,1568.4961,4119.2278,2425.9,1619.2395,1714.4016,1613.7875,974.76,1567.8379,1573.46,1548.28,1452.81,1627.19,1367.59,0.859085,2029.43,1142.29,1453.843,1638.82,1211.4343,919.1652,1294.4145,2955.6045,,929.41,4013.8,3532.02,1053.3,1116.4492,1684.75,1620.59,1165.21,11823.17,2668.16,2935.83,2580.58,3614.45,1.1869,1682.39,1399.28,1073.62,1200.62,2654.2,1958.12,6809.11,1487.21,1060.0873,2952.8,1550.89,1.5183,2447.13,1405.85,1.6288,1373.3017,7570.1653,599.8982,1582.25,2599.23,6054.59,1809.01,1629.61,2005.58,1218.51,1233.12,1022.97,1184.74,1860.41,1342.34,1817.74,2811.18,11443.22,4093.44,47250.5439
2022-03-13,1295.28,1621.71,2901.82,62033.05,1804.0,1602.14,1719.475,1231.3321,1479.91,1064.5018,921.18,1064.67,1281.0396500000002,991.185,1.60595,17913.35,0.7089,2940.34,1681.855,25670.68,2434.36,2785.245,1068.35,1.2826,2292.1000000000004,2155.33,1015.675,1569.5001499999998,4122.91825,2417.08,1630.79845,1698.5575,1614.4091,980.665,1568.51255,1560.15,1548.295,1441.67,1623.865,1364.39,0.791493,1994.63,1142.79,1435.9288,1625.3000000000002,1212.24065,932.83215,1289.4905,2943.5198,,921.94,4010.33,3522.45,1040.635,1116.76415,1685.465,1620.89,1165.375,11873.005,2646.945,2924.63,2571.85,3627.98,1.1815,1682.775,1407.8249999999998,1074.12,1199.95,2650.3100000000004,1985.45,6891.95,1486.79,1060.1469,2937.665,1567.96,1.5099,2455.42,1401.685,1.62335,1379.89405,7647.938599999999,601.1447499999999,1573.765,2584.925,5997.9,1778.425,1631.0500000000002,1981.965,1239.33,1234.08,1024.12,1186.43,1861.845,1327.025,1801.74,2812.87,11264.509999999998,4030.96,46884.14915
2022-03-20,1296.0,1622.46,2905.68,62223.62,1769.68,1603.3,1720.39,1232.3463,1482.55,1064.3516,923.3,1071.7,1282.0201,995.17,1.695,18015.81,0.7433,2959.15,1686.01,25823.37,2411.11,2787.51,1062.48,1.2804,2292.6,2120.64,1029.4,1570.6579,4127.1727,2384.94,1633.0671,1698.8773,1615.0891,986.17,1569.3089,1560.39,1548.66,1446.46,1626.47,1365.5,0.814914,2002.26,1143.4,1434.781,1625.4,1213.1779,935.1996,1289.7107,2945.7279,,909.18,4015.1,3511.88,1038.8,1117.1817,1686.27,1621.65,1165.29,11860.76,2646.28,2865.42,2566.59,3584.06,1.1803,1683.57,1415.77,1074.62,1189.51,2652.86,2003.89,6861.52,1486.71,1060.285,2940.67,1581.54,1.5713,2441.94,1401.63,1.6211,1379.4196,7653.9095,590.1969,1573.14,2572.47,6056.01,1787.77,1632.67,1972.72,1235.66,1235.2,1025.3,1187.96,1865.54,1322.41,1800.43,2814.8,11271.58,4031.23,46893.128
2022-03-27,1296.605,1623.065,2908.0950000000003,64065.850000000006,1829.605,1603.6,1721.055,1233.5995,1484.035,1077.7408,940.24,1093.985,1284.7764000000002,1026.505,1.70415,18513.01,0.7308,3037.92,1689.8,26552.945,2476.505,2792.55,1072.14,1.2729,2293.065,2217.145,1048.615,1571.66395,4130.8483,2440.785,1673.74195,1702.42485,1615.6521,1009.08,1569.97835,1562.41,1548.985,1480.285,1627.23,1366.665,0.80355,2076.5150000000003,1143.88,1435.7343500000002,1627.57,1213.9919,951.66285,1290.5862499999998,2947.92505,,935.03,4017.085,3528.82,1035.14,1117.5454,1686.98,1622.4450000000002,1165.68,12114.21,2650.69,2864.295,2627.465,3684.0,1.17725,1684.47,1448.8000000000002,1075.34,1210.96,2627.3950000000004,2060.9,7123.29,1487.115,1060.4148,2945.2200000000003,1619.755,1.56855,2468.93,1402.545,1.61725,1405.51805,7787.85235,602.4576500000001,1574.585,2621.235,6129.81,1817.185,1633.965,1996.13,1262.39,1236.15,1026.48,1189.43,1913.44,1359.0,1802.555,2818.01,11558.185,4148.135,46973.59185
2022-04-03,1296.41,1623.78,2906.92,64090.47,1833.13,1604.82,1721.87,1233.565,1484.89,1081.3092,949.93,1098.0,1284.6075,1028.5,1.714,18515.6,0.7387,3024.96,1687.78,26496.4,2461.46,2789.25,1075.54,1.2793,2293.59,2181.59,1053.81,1572.829,4135.0934,2467.66,1671.3912,1700.9266,1616.2511,1015.18,1570.6368,1561.19,1549.32,1486.5,1626.34,1366.7,0.816715,2073.66,1144.46,1435.2731,1625.17,1215.0005,955.2566,1290.2084,2949.9537,,938.38,4015.98,3520.69,1043.22,1117.9391,1687.75,1623.03,1166.26,12029.63,2646.23,2860.35,2633.02,3681.99,1.177,1685.35,1456.69,1075.85,1215.72,2625.74,2061.57,7067.72,1487.49,1060.9378,2898.9,1619.53,1.5836,2461.26,1403.2,1.6187,1392.2055,7750.3917,603.9389,1571.89,2612.88,6080.88,1785.16,1635.27,1990.3,1267.06,1237.27,1027.67,1190.7,1912.41,1346.86,1801.61,2816.49,11582.4,4169.17,46930.6313
2022-04-10,1296.96,1624.41,2898.485,65401.145,1884.02,1605.355,1722.405,1229.3039,1487.54,1095.8027,963.98,1110.005,1285.8819,1054.54,1.6931,18774.23,0.7137,3093.32,1687.245,27005.54,2510.6800000000003,2791.56,1088.075,1.2703,2294.04,2266.9750000000004,1050.12,1573.8328,4138.77565,2528.035,1698.76275,1701.10145,1616.8155499999998,1024.345,1571.313,1563.3200000000002,1549.275,1537.955,1624.595,1367.905,0.787335,2117.065,1144.95,1438.7471,1628.65,1215.8121,958.8019,1291.5209,2952.569,,952.035,4014.9,3518.45,1033.9050000000002,1118.2896,1688.36,1623.585,1166.39,12264.91,2649.885,2881.695,2700.825,3766.085,1.17205,1685.64,1469.965,1076.32,1238.475,2625.695,2057.88,7191.975,1487.635,1060.9952,2899.955,1623.235,1.57545,2475.46,1404.585,1.6088,1403.90345,7750.7698,612.99485,1571.4699999999998,2653.535,6106.1,1824.5,1636.38,2005.08,1291.8,1238.23,1028.64,1191.98,1950.465,1390.9250000000002,1804.415,2819.625,11899.215,4287.8150000000005,46994.9895
2022-04-17,1297.44,1624.995,2891.135,66632.435,1904.04,1606.11,1722.985,1226.8068,1484.61,1090.5985,956.46,1113.16,1281.549,1055.145,1.65575,19048.655,0.7073,3157.76,1681.32,27591.730000000003,2541.145,2780.7,1091.105,1.2534,2294.41,2320.7,1052.135,1574.7642500000002,4142.15615,2534.19,1719.7188999999998,1694.8773,1617.38285,1026.97,1571.9911000000002,1558.185,1549.58,1577.345,1622.37,1365.605,0.769091,2160.715,1145.405,1434.7884,1622.085,1216.5603999999998,955.89075,1288.7642,2954.068,,954.655,4011.13,3520.955,1016.785,1118.6233,1688.95,1624.165,1166.645,12268.93,2638.61,2863.65,2704.19,3802.74,1.16385,1685.915,1474.1,1076.72,1239.065,2620.61,2079.91,7260.719999999999,1487.735,1061.1246,2887.565,1636.88,1.5506,2485.92,1403.105,1.59645,1406.2734999999998,7751.7949,615.8679,1559.925,2720.675,6213.389999999999,1863.08,1637.14,2026.97,1296.42,1239.065,1029.71,1192.72,1979.2,1415.13,1796.81,2816.085,12150.355,4382.85,46828.41965
2022-04-24,1298.47,1625.77,2878.735,67072.86499999999,1915.23,1606.88,1723.795,1220.8297,1480.39,1101.9534,979.73,1138.06,1276.5212,1055.83,1.63175,19261.29,0.6652,3185.525,1674.005,27793.01,2558.135,2769.395,1089.9699999999998,1.2433999999999998,2294.94,2281.815,1081.185,1576.00635,4146.708500000001,2538.16,1738.53405,1687.3159,1618.0793,1048.955,1572.8314999999998,1552.44,1549.8049999999998,1564.08,1605.56,1361.65,0.719319,2138.005,1146.005,1430.3404,1616.58,1217.5612999999998,979.4325,1284.9131,2949.1753,,963.07,3998.27,3502.025,1005.58,1119.069,1689.76,1624.885,1166.19,12431.76,2628.315,2870.04,2673.575,3815.64,1.1559,1686.515,1506.455,1076.98,1234.915,2610.055,2123.0550000000003,7419.98,1487.64,1060.2812,2875.46,1664.97,1.5396,2489.11,1399.8000000000002,1.5876,1428.01685,7870.77895,615.7977000000001,1552.465,2766.29,6243.605,1876.615,1638.975,2083.17,1318.77,1240.005,1030.92,1193.3,1987.88,1413.315,1789.83,2807.965,12179.515,4386.395,46649.86965
2022-05-01,1298.97,1626.35,2862.325,66630.57500000001,1926.8,1607.695,1724.475,1217.5203,1478.1750000000002,1127.6916,1006.72,1157.34,1273.1936500000002,1065.5549999999998,1.60045,19404.115,0.6618,3178.85,1665.125,27800.76,2562.42,2756.665,1095.235,1.23295,2295.3450000000003,2236.01,1108.57,1576.936,4150.113450000001,2568.795,1748.6426,1679.37955,1618.39055,1068.205,1573.0326,1547.38,1551.48,1553.12,1593.915,1358.085,0.71358,2086.01,1146.455,1428.69545,1611.0949999999998,1218.31475,995.89405,1282.68045,2945.6691,,968.2,3985.015,3493.86,998.265,1119.4151,1690.16,1624.9250000000002,1165.6799999999998,12490.59,2620.71,2855.96,2675.7,3838.78,1.1516,1687.23,1535.38,1077.28,1246.915,2601.845,2139.835,7381.195,1487.63,1060.096,2864.25,1676.715,1.506,2503.205,1397.86,1.58185,1427.2112,7893.768749999999,624.1762,1539.62,2782.92,6153.74,1866.27,1639.965,2104.3,1341.47,1240.73,1031.58,1194.35,1987.29,1417.97,1786.165,2806.005,12239.075,4401.75,46506.9291
2022-05-08,1298.97,1626.35,2862.325,66630.57500000001,1926.8,1607.695,1724.475,1217.5203,1478.1750000000002,1127.6916,1006.72,1157.34,1273.1936500000002,1065.5549999999998,1.60045,19404.115,0.6618,3178.85,1665.125,27800.76,2562.42,2756.665,1095.235,1.23295,2295.3450000000003,2236.01,1108.57,1576.936,4150.113450000001,2568.795,1748.6426,1679.37955,1618.39055,1068.205,1573.0326,1547.38,1551.48,1553.12,1593.915,1358.085,0.71358,2086.01,1146.455,1428.69545,1611.0949999999998,1218.31475,995.89405,1282.68045,2945.6691,,968.2,3985.015,3493.86,998.265,1119.4151,1690.16,1624.9250000000002,1165.6799999999998,12490.59,2620.71,2855.96,2675.7,3838.78,1.1516,1687.23,1535.38,1077.28,1246.915,2601.845,2139.835,7381.195,1487.63,1060.096,2864.25,1676.715,1.506,2503.205,1397.86,1.58185,1427.2112,7893.768749999999,624.1762,1539.62,2782.92,6153.74,1866.27,1639.965,2104.3,1341.47,1240.73,1031.58,1194.35,1987.29,1417.97,1786.165,2806.005,12239.075,4401.75,46506.9291
2022-05-15,1300.085,1627.815,2807.365,60408.515,1824.37,1609.48,1726.645,1202.8831,1449.44,1051.7339,922.71,1080.13,1250.0955,996.325,1.49905,17880.93,0.6543,2870.895,1633.045,25440.405,2425.1850000000004,2681.45,1073.955,1.2083499999999998,2296.285,2048.86,1030.985,1579.27035,4151.30435,2456.16,1596.9371,1655.44845,1619.8032,984.775,1574.98,1508.415,1552.085,1387.555,1567.025,1335.95,0.706239,2004.72,1147.57,1387.1855,1564.51,1220.2886,928.5754,1257.65105,2910.81495,,927.32,3949.33,3452.9300000000003,976.35,1120.36065,1692.115,1626.095,1165.815,11426.955,2554.4300000000003,2798.96,2402.94,3642.765,1.1402,1688.065,1413.86,1078.36,1191.585,2580.39,1941.805,6766.965,1487.04,1059.3478,2801.235,1537.35,1.43255,2440.76,1380.56,1.56735,1304.46935,7469.71475,593.773,1522.725,2724.105,6063.39,1840.71,1642.98,2125.48,1239.27,1242.59,1034.11,1197.54,1812.99,1300.19,1737.78,2773.5600000000004,11244.515,4020.885,45324.75975
2022-05-22,1300.73,1628.54,2836.68,63135.93,1869.29,1611.61,1728.15,1217.4114,1454.49,1070.477,939.21,1100.36,1263.5381,1030.23,1.4798,18324.83,0.6742,3006.2,1653.64,26289.4,2482.13,2711.88,1086.64,1.2101,2296.8,2188.12,1050.77,1580.4404,4162.5031,2500.5,1647.9106,1673.6056,1621.1723,1002.69,1576.4394,1518.73,1552.51,1456.08,1586.87,1342.34,0.732904,2014.59,1148.1,1388.7675,1579.55,1221.0816,943.7388,1260.6376,2931.2715,998.58,941.13,3983.18,3480.33,988.69,1121.4465,1693.2,1627.59,1166.88,11870.26,2580.38,2819.63,2555.98,3730.33,1.1428,1689.45,1439.99,1079.33,1212.35,2610.79,1995.36,7044.43,1487.36,1060.0752,2834.51,1578.69,1.4375,2467.93,1386.08,1.5691,1332.3016,7600.7143,604.7366,1526.74,2805.91,6180.26,1902.15,1644.73,2146.21,1274.72,1243.63,1035.28,1199.17,1887.28,1343.83,1745.5,2785.77,11525.13,4125.89,45699.4463
2022-05-29,1301.58,1629.23,2864.73,63771.5,1871.46,1613.63,1729.53,1232.5753,1464.6,1083.3627,955.37,1118.72,1278.2336,1041.59,1.5565,18571.21,0.6652,3027.53,1672.33,26468.6,2494.86,2751.67,1094.38,1.2206,2297.27,2158.12,1071.31,1581.5285,4166.4946,2510.26,1667.7201,1692.4125,1622.5288,1020.58,1578.0185,1536.87,1549.9,1475.55,1612.7,1349.08,0.725471,2032.07,1148.6,1406.858,1600.61,1221.9623,955.3275,1265.3308,2953.0785,1005.75,952.39,4011.53,3503.79,1001.81,1122.1751,1694.03,1629.06,1168.36,12029.88,2613.84,2851.39,2627.82,3774.68,1.1475,1690.88,1464.31,1080.2,1222.54,2629.12,2035.87,7156.31,1487.91,1060.5293,2866.7,1605.44,1.4907,2481.62,1391.25,1.5739,1349.3838,7663.5626,608.4559,1539.72,2838.76,6096.74,1924.71,1646.4,2118.84,1298.84,1244.68,1036.59,1200.46,1909.48,1355.01,1771.84,2801.95,11671.48,4173.19,46230.6735
